row_type,point_index,amoc_sv,c_k,eke_c_k,eke_c_eps,kappaH_min,sss_offset
DEFAULT,,,0.1,0.4,0.5,2e-05,0
POINT,136,-3.416693379834821,0.01000000000000001,0.3904098582227624,0.01000000000000001,1.000000000000566e-07,0.913893485467956
POINT,224,-3.47632772085877,0.01000000000000001,0.3459247312729844,0.01000000000000001,1.000000000000566e-07,0.948731297875643
POINT,163,-3.543334866930924,0.2824490686088255,0.3923726442268833,0.01000000000000001,1.000000000000566e-07,0.9218056008221047
POINT,335,-3.762965632826468,0.08986800008843465,0.4361727895719663,0.01000000000000001,1.000000000000566e-07,0.8135351136868076
POINT,168,-3.764713630901377,0.1073089790355643,0.3523449344745306,0.01000000000000001,1.000000000000566e-07,0.8957699076542331
POINT,448,-3.80282551148379,0.01000000000000001,0.3214231624107122,0.01000000000000001,1.000000000000566e-07,0.9005505882903739
POINT,121,-3.820362315995463,0.1531279811536167,0.4324312799755848,0.01722399524428808,1.000000000000566e-07,0.8658364684658191
POINT,277,-3.893812517608219,0.3,0.2885103427078054,0.01000000000000001,1.000000000000566e-07,0.9571046839960878
POINT,364,-3.924301727027394,0.169234372845383,0.3969440515950498,0.01000000000000001,1.000000000000566e-07,0.8224465932432672
POINT,510,-3.935928101606761,0.01000000000000001,0.2178943553781268,0.01000000000000001,1.000000000000566e-07,1
POINT,287,-3.990612727771541,0.1672314306365819,0.249729032804594,0.01000000000000001,1.000000000000566e-07,0.9700256423176827
POINT,286,-4.17122544594026,0.01000000000000001,0.2203186028970503,0.01000000000000001,1.000000000000566e-07,0.9391943543768029
POINT,206,-4.254990363587958,0.01000000000000001,0.2833032132542702,0.01000000000000001,1.000000000000566e-07,0.8433822769664023
POINT,268,-4.390747432241787,0.1379671088099991,0.1520493792110136,0.0140401578188879,1.000000000000566e-07,1
POINT,405,-4.425526822840209,0.3,0.3241628325499429,0.5303934448538251,1.000000000000566e-07,1
POINT,146,-4.461952399378537,0.2295886473940151,0.3972268139994377,0.01000000000000001,8.955535194080121e-05,0.8580190696216838
POINT,345,-4.466020029519212,0.182445270861513,0.2804371807920964,1,1.000000000000566e-07,1
POINT,517,-4.47964663202314,0.3,0.09835989900139425,1,1.000000000000566e-07,1
POINT,296,-4.496746723104724,0.01000000000000001,0.2053160326007598,0.5595711774785732,1.000000000000566e-07,1
POINT,311,-4.541837544243537,0.01000000000000001,0.1188063444891899,1,1.000000000000566e-07,1
POINT,227,-4.541922611971283,0.3,0.4911847350412696,0.01000000000000001,1.000000000000566e-07,0.6450300248737475
POINT,250,-4.551021302467752,0.2519441645424156,0.1847226232570603,0.7211312761808097,1.000000000000566e-07,0.9793051226109799
POINT,262,-4.576410714636809,0.2164050179869814,0.0309699332619173,0.01000000000000001,1.000000000000566e-07,1
POINT,137,-4.581075979585939,0.2563202675324481,0.04469087032505489,0.6504714979015159,1.000000000000566e-07,0.975990127435906
POINT,333,-4.584723160995765,0.06867869433922839,0.01000000000000001,0.6374129897547965,1.000000000000566e-07,1
POINT,471,-4.590378845065761,0.01000000000000001,0.01000000000000001,0.01000000000000001,1.000000000000566e-07,1
POINT,200,-4.597038123291297,0.2724846550738371,0.09687149082979293,0.4439000588788553,1.000000000000566e-07,0.9708136502919686
POINT,264,-4.667551099587575,0.3,0.2484584054134272,1,1.000000000000566e-07,0.9358097495442846
POINT,126,-4.712069827207206,0.1102003870861431,0.2284106012137759,0.9186467387800032,1.000000000000566e-07,0.941251291728332
POINT,526,-4.714061809192462,0.01000000000000001,0.01000000000000001,1,1.000000000000566e-07,0.9566676698677052
POINT,199,-4.714450466845024,0.1490287129344854,0.07753427131572538,1,1.000000000000566e-07,0.9494138940166825
POINT,196,-4.720364151348114,0.2045219147622833,0.1067638369980158,0.01000000000000001,1.000000000000566e-07,0.9387408756619554
POINT,183,-4.729198247518407,0.05770812051159827,0.0705721686802987,0.3168154543742483,1.000000000000566e-07,0.952877297400585
POINT,129,-4.730947331423301,0.0620956709368173,0.1338029539025027,0.4820580965696453,1.000000000000566e-07,0.9458933118761033
POINT,263,-4.751070008963932,0.01000000000000001,0.4960746773634848,0.01000000000000001,1.000000000000566e-07,0.5949219512087733
POINT,247,-4.761199119501629,0.2028337742554677,0.01290534093774642,0.03302463026055213,1.000000000000566e-07,0.9347287416344928
POINT,450,-4.765765891140543,0.3,0.2700693178140436,0.3325079337382754,1.000000000000566e-07,0.9095938180271421
POINT,157,-4.809527852081979,0.1627354878745279,0.4553036352766932,0.04938675147971849,1.000000000000566e-07,0.7595629697739555
POINT,225,-4.810209201218156,0.2562803331852118,0.1795030947154455,0.01000000000000001,1.000000000000566e-07,0.8549687556989396
POINT,190,-4.819151658601477,0.2359975881564829,0.1511661909067805,0.6854757169683913,1.000000000000566e-07,0.9066302566112161
POINT,238,-4.829042076078207,0.1050874386029023,0.01127241070394785,0.7772941346122868,1.000000000000566e-07,0.9231924906211468
POINT,221,-4.833566523155613,0.1871344111871683,0.3004980429688781,1,1.000000000000566e-07,0.8940739077094337
POINT,172,-4.850163580784198,0.1883487606681521,0.0847841389457393,0.4724509189891367,1.000000000000566e-07,0.9076076218210483
POINT,161,-4.863507556729322,0.04331157324616502,0.1908686896314375,0.7433342230090292,1.000000000000566e-07,0.9007643262463678
POINT,167,-4.914965592952765,0.158203914228692,0.2059535970196753,1,1.000000000000566e-07,0.8828163506884839
POINT,139,-4.934233140844755,0.024975780572741,0.08541656596418826,0.01000000000000001,1.000000000000566e-07,0.8871640885558212
POINT,203,-4.93550868050982,0.2946916648251319,0.2629322453151594,0.783443987442467,1.000000000000566e-07,0.8608902047563445
POINT,208,-4.93631450056208,0.213157068819033,0.3009104871992102,0.2307806140372222,1.000000000000566e-07,0.8625426796934326
POINT,197,-4.939782306207928,0.01000000000000001,0.08763977381810384,0.7400151399308359,1.000000000000566e-07,0.8864433621182243
POINT,71,-4.940254598225779,0.05742988837390067,0.2417953634408694,0.5919314381589692,3.083643562399096e-05,0.8742039161477073
POINT,176,-4.956932744453769,0.01000000000000001,0.1948145170146783,0.06951239133609499,1.000000000000566e-07,0.8543831962321055
POINT,304,-4.957441613492568,0.2696129184873024,0.03355104564365596,1,1.000000000000566e-07,0.8624120954815948
POINT,162,-4.959741553212593,0.07968474026666872,0.1325450133175442,0.2056941415544294,1.000000000000566e-07,0.8850987214333448
POINT,213,-4.999586774944826,0.2962126639975811,0.333725359806292,0.7072718929939952,1.000000000000566e-07,0.8401465475197281
POINT,314,-5.005333343729935,0.3,0.01000000000000001,0.2205798948824179,1.000000000000566e-07,0.8475884022596057
POINT,259,-5.024394833474178,0.01000000000000001,0.01000000000000001,0.3594487153465311,1.000000000000566e-07,0.8670416972296028
POINT,124,-5.049555004427656,0.01000000000000001,0.3522940929711605,0.2567432126346842,1.000000000000566e-07,0.8222172584514716
POINT,320,-5.077063850979118,0.18955539223233,0.01000000000000001,0.01000000000000001,1.000000000000566e-07,0.8491828608858429
POINT,122,-5.115689825937337,0.01155821082311126,0.4482381909215414,0.8729993506186911,1.000000000000566e-07,0.8055735387957683
POINT,184,-5.119946544589505,0.2136319758738509,0.253881029318313,0.1465263182505032,1.000000000000566e-07,0.8213139927696013
POINT,267,-5.137151363731977,0.2053100200503219,0.4705738460612079,0.01000000000000001,1.000000000000566e-07,0.5732546843101596
POINT,148,-5.145468360499977,0.1799777181471156,0.4210636225438242,0.4405284159021137,1.000000000000566e-07,0.804255834683499
POINT,261,-5.150602193776967,0.03214462540872157,0.01952961180512666,0.8515718528687698,1.000000000000566e-07,0.8363087968251555
POINT,179,-5.152583551455132,0.01000000000000001,0.2131007763491706,0.9706403622575482,1.000000000000566e-07,0.8292013960421647
POINT,194,-5.176994624056216,0.05691622770283507,0.2903769413864991,0.6727682033584551,1.000000000000566e-07,0.8174833269947833
POINT,170,-5.177715175441388,0.05823230029125825,0.2123199031800323,0.4762939221428644,1.000000000000566e-07,0.8256418770773927
POINT,255,-5.204451855044427,0.100519711684143,0.1456519816811882,0.01000000000000001,1.000000000000566e-07,0.8004866707167207
POINT,395,-5.217589062467977,0.01000000000000001,0.4001275493782186,1,1.000000000000566e-07,0.7905704042816322
POINT,193,-5.247678454338049,0.08354517375975154,0.3061107550841562,0.09030676022729278,1.000000000000566e-07,0.7752077504625503
POINT,338,-5.288170203292181,0.3,0.1039266916377623,0.01000000000000001,1.000000000000566e-07,0.794055195305261
POINT,156,-5.311476508511108,0.07347436376971518,0.4518264314547117,0.3608582697453535,1.000000000000566e-07,0.7625803794123536
POINT,280,-5.327982244027416,0.232111975672273,0.03866447261207179,0.8387346925402248,1.000000000000566e-07,0.7836268998509299
POINT,272,-5.333523110455824,0.01000000000000001,0.03690541211582318,0.1150382022503241,1.000000000000566e-07,0.802698024183094
POINT,160,-5.341511126483121,0.01000000000000001,0.4403967332717829,0.7302447167905701,1.000000000000566e-07,0.756377439613601
POINT,534,-5.341605601105247,0.3,0.2329124073164186,1,1.000000000000566e-07,0.7720337254802332
POINT,209,-5.344578127195235,0.1553926001853112,0.340052678734228,0.9405671305379886,1.000000000000566e-07,0.7751550826724458
POINT,216,-5.344630506081043,0.01000000000000001,0.1095910241469991,0.7826138341794781,1.000000000000566e-07,0.7938040832957306
POINT,182,-5.363549189766528,0.02634567335363269,0.3697500180800732,0.3039266506895237,1.000000000000566e-07,0.7574687569143816
POINT,222,-5.374257268679952,0.3,0.366944648049876,0.3932798149874498,1.000000000000566e-07,0.76077243393376
POINT,166,-5.409783198145816,0.1824517081619879,0.4754445927481329,0.6243325002242107,1.000000000000566e-07,0.7491391229273276
POINT,301,-5.425743855544193,0.2522980734904571,0.01000000000000001,0.01867366143848381,1.000000000000566e-07,0.7665006897294705
POINT,185,-5.456276798057462,0.1434457327495138,0.4351685547724424,0.04409185472330313,1.000000000000566e-07,0.6526696769941573
POINT,173,-5.497412764492133,0.2820449295526652,0.2436099800762683,0.1011932212214956,1.000000000000566e-07,0.7441536444372181
POINT,273,-5.506917429220215,0.01000000000000001,0.01000000000000001,0.8410386914244532,1.000000000000566e-07,0.7631574177745882
POINT,343,-5.520247961896309,0.01000000000000001,0.5,0.01000000000000001,1.000000000000566e-07,0.4904017276695743
POINT,237,-5.536350819633427,0.2203902765626458,0.1548229423518662,0.01000000000000001,1.000000000000566e-07,0.7298381252626753
POINT,205,-5.542030365061565,0.01000000000000001,0.1655015068986367,0.420058591730179,1.000000000000566e-07,0.7513320815270204
POINT,204,-5.570279679933975,0.02167060558528949,0.1729698263839264,0.8774331490589797,1.000000000000566e-07,0.7465739417791524
POINT,127,-5.582732210387707,0.2807569450200154,0.4701498113342377,0.2880820651602007,1.000000000000566e-07,0.7103078280417875
POINT,228,-5.616072035795159,0.07701890444263493,0.08527143214807448,0.3680501587580757,1.000000000000566e-07,0.7448223409138082
POINT,473,-5.673516163476051,0.1846336344074736,0.2873913002259805,0.01000000000000001,1.000000000000566e-07,0.6117601289747779
POINT,174,-5.681483594817195,0.03696150175290171,0.3994417535628351,0.7507419038402339,1.000000000000566e-07,0.7069747697907658
POINT,531,-5.682758137550034,0.01000000000000001,0.01000000000000001,0.01000000000000001,1.000000000000566e-07,0.7328391633907108
POINT,192,-5.685691902660931,0.1841496306934909,0.3342610756791735,0.450472389112181,1.000000000000566e-07,0.7133502876002464
POINT,169,-5.691676639946118,0.178063957217659,0.4120775691612869,0.4097696236073887,1.000000000000566e-07,0.7043219777866859
POINT,342,-5.693039489861778,0.3,0.09725673967417534,1,1.000000000000566e-07,0.7118223729454788
POINT,186,-5.702939381330886,0.2725702622087123,0.3739649239003373,1,1.000000000000566e-07,0.7037651914310198
POINT,151,-5.707803516070612,0.09184144426752607,0.407443896330048,0.8240079353106924,6.607559174867921e-05,0.8011709725012859
POINT,120,-5.715459992668609,0.153447894215596,0.4697089728550081,0.4830306767985655,3.808597610781717e-06,0.6950276529707234
POINT,140,-5.716145641069794,0.01000000000000001,0.1005545300606489,1,1.000000000000566e-07,0.7208310558190766
POINT,198,-5.73104192126583,0.3,0.3123376764197786,0.2899415305423082,1.000000000000566e-07,0.7037216494894146
POINT,230,-5.736066027267775,0.01000000000000001,0.2713858200054664,0.1465835026027962,1.000000000000566e-07,0.697551496520037
POINT,171,-5.763698834864232,0.1502291399625001,0.2753351085328349,0.8568912121893115,1.000000000000566e-07,0.7046059141438987
POINT,177,-5.779809652094714,0.3,0.4169828985269384,0.4214237022312251,1.000000000000566e-07,0.6871185135470014
POINT,128,-5.78352430240184,0.2085626043791342,0.2282221977031843,0.5685097311907723,1.000000000000566e-07,0.7037285113801244
POINT,519,-5.785058812437168,0.01000000000000001,0.5,1,1.000000000000566e-07,0.6769399128794203
POINT,419,-5.790012530634385,0.3,0.5,0.01000000000000001,1.000000000000566e-07,0.4715030092528245
POINT,289,-5.794187257808012,0.2567795449870059,0.02475512661764848,0.4925455802179101,1.000000000000566e-07,0.698572389760775
POINT,427,-5.830493052720833,0.3,0.3925571236727701,0.01000000000000001,1.000000000000566e-07,0.521540419901825
POINT,202,-5.834226844931907,0.1471238818934872,0.1469190102982681,0.6340238850051791,1.000000000000566e-07,0.7011508915273387
POINT,398,-5.852590790719352,0.01000000000000001,0.2640194852791816,0.01000000000000001,1.000000000000566e-07,0.593038387692656
POINT,306,-5.861067933094128,0.01000000000000001,0.01000000000000001,0.4661395241547245,1.000000000000566e-07,0.6982882181092374
POINT,125,-5.887301604621983,0.1946411601063231,0.4345768578284623,0.9393246769175396,1.000000000000566e-07,0.6733588943134966
POINT,220,-5.907221085514477,0.01000000000000001,0.1212241931406512,0.2298341173320882,1.000000000000566e-07,0.6906227274513481
POINT,303,-5.951307999827685,0.108407981025176,0.01000000000000001,1,1.000000000000566e-07,0.688101357057353
POINT,195,-6.001162015903086,0.1853777103598361,0.3203580861020497,0.9629068105605647,1.000000000000566e-07,0.6634573848254142
POINT,292,-6.007504825815467,0.2239632076949319,0.05000453575143993,0.01000000000000001,1.000000000000566e-07,0.6820795530900186
POINT,20,-6.008895821571807,0.10509298574438,0.2503025283432913,0.4972435132809828,6.52545401166798e-05,0.7606276167478317
POINT,235,-6.012404592099099,0.01000000000000001,0.3252497083677171,0.5699370000924965,1.000000000000566e-07,0.6570605914954001
POINT,236,-6.018047361044978,0.01000000000000001,0.1536378610259174,0.9378214234984064,1.000000000000566e-07,0.6680378604298498
POINT,180,-6.057377073934577,0.1772040358234676,0.3799666392997935,0.7112552456103842,1.000000000000566e-07,0.6524896002949987
POINT,181,-6.078256686406655,0.04427665007175015,0.2417162525155879,0.7449148336382364,1.000000000000566e-07,0.6567218935607468
POINT,210,-6.08289599055308,0.1184547015562821,0.1933939654813268,0.1312553506459691,1.000000000000566e-07,0.6616084669075764
POINT,514,-6.136607606045446,0.1537762368070442,0.5,0.01000000000000001,1.000000000000566e-07,0.4376150484773056
POINT,201,-6.143268596084222,0.01000000000000001,0.4222251722614624,0.4570713978519134,1.000000000000566e-07,0.6264076883305381
POINT,207,-6.165463697372169,0.1871324007792746,0.1858963367252158,0.6044197673558114,1.000000000000566e-07,0.647558709071153
POINT,496,-6.182085559294036,0.3,0.4007081645772909,1,1.000000000000566e-07,0.6251324942574317
POINT,456,-6.19305346193082,0.01000000000000001,0.01000000000000001,0.01000000000000001,1.000000000000566e-07,0.650427904533767
POINT,211,-6.20351739582233,0.1279456277027427,0.4784708481269356,0.4862346860826181,1.000000000000566e-07,0.6226029331740017
POINT,411,-6.24200355910672,0.01000000000000001,0.5,0.01000000000000001,1.000000000000566e-07,0.4082064250286654
POINT,442,-6.255305301844089,0.01000000000000001,0.5,1,1.000000000000566e-07,0.6066072661521521
POINT,239,-6.302968868126797,0.3,0.3412313527742253,0.3497004030131543,1.000000000000566e-07,0.612928916511233
POINT,288,-6.346238009431372,0.2300347100434048,0.06596048493861578,1,1.000000000000566e-07,0.6169783369579983
POINT,86,-6.353596541493629,0.2787893000610529,0.4290377587116006,0.4652649285439782,4.817714615915363e-05,0.6151919248170381
POINT,278,-6.392408685903241,0.2829964623851652,0.08902969200306274,0.2240805594934616,1.000000000000566e-07,0.6102014327485363
POINT,134,-6.408573735678628,0.1804085083470106,0.2258327510373923,1,1.000000000000566e-07,0.610725711566833
POINT,318,-6.452775691834206,0.01000000000000001,0.01000000000000001,1,1.000000000000566e-07,0.6128843803545749
POINT,217,-6.502861009599983,0.1041429340106252,0.2959733657354454,0.7048469219545526,1.000000000000566e-07,0.600745654047913
POINT,327,-6.525395112483969,0.01000000000000001,0.09412091374604248,0.01883583098488628,1.000000000000566e-07,0.5964539116289038
POINT,330,-6.544234634415258,0.01000000000000001,0.1157776779886547,0.5006291258875322,1.000000000000566e-07,0.5997458880687601
POINT,234,-6.607635508082392,0.1373503583252191,0.377581206838081,0.3138253662916956,1.000000000000566e-07,0.5797405537816687
POINT,316,-6.608902932354488,0.2508137419360605,0.5,1,1.000000000000566e-07,0.5654227561863135
POINT,229,-6.619173211514128,0.116292059936168,0.3867461663642672,0.8367885627218699,1.000000000000566e-07,0.5788148938060124
POINT,265,-6.621062403608153,0.3,0.2127685998361156,0.1999306485972757,1.000000000000566e-07,0.5768863997595327
POINT,240,-6.627734071992482,0.3,0.3114492124609473,0.9437858628485263,1.000000000000566e-07,0.5673804016306877
POINT,300,-6.632775926739356,0.1604211223625714,0.01000000000000001,0.4442887374264713,1.000000000000566e-07,0.5839832752462124
POINT,248,-6.666599755103369,0.01407983609920599,0.4521039824897555,0.450956568910714,1.000000000000566e-07,0.5530665566553796
POINT,488,-6.667304192265102,0.01000000000000001,0.1715362172043776,1,1.000000000000566e-07,0.5804925228947363
POINT,258,-6.701281659637393,0.2944266157203051,0.1435110240399967,0.7134456739814995,1.000000000000566e-07,0.5617315980476365
POINT,491,-6.711729074108943,0.3,0.5,0.4116858480931202,1.000000000000566e-07,0.5468657309781142
POINT,478,-6.721967632827248,0.3,0.4046713536922755,0.01000000000000001,0.0001922151505564997,1
POINT,298,-6.727206437086223,0.1777511216035509,0.3719718576773762,0.01000000000000001,1.000000000000566e-07,0.4378485491875276
POINT,443,-6.736332469913849,0.3,0.01000000000000001,0.01000000000000001,1.000000000000566e-07,0.5584145565889739
POINT,242,-6.836237591600735,0.279205927555105,0.3141019084595413,0.4619738805470933,1.000000000000566e-07,0.5438656249525948
POINT,260,-6.878657171601514,0.2306272330154428,0.1410985303990568,0.01000000000000001,1.000000000000566e-07,0.5426349120355261
POINT,279,-6.922700003281934,0.1113534638749538,0.068638827946889,1,1.000000000000566e-07,0.5477138008600129
POINT,518,-6.931927238397793,0.01000000000000001,0.2643242551926374,0.4343906412643885,1.000000000000566e-07,0.5418524170771597
POINT,270,-6.9355111946189,0.3,0.05586152964858102,0.6161427613691892,1.000000000000566e-07,0.5277761856649484
POINT,231,-6.955171409925239,0.2500839273021037,0.2312988630383115,0.7617625935316632,1.000000000000566e-07,0.5311614951899308
POINT,256,-6.966142357476437,0.1696518866562569,0.1498355991024251,0.450386878462595,1.000000000000566e-07,0.5401191037796348
POINT,257,-6.967066464774109,0.07563785085735586,0.2797316719420894,1,1.000000000000566e-07,0.53895069088058
POINT,441,-7.034772886153479,0.01000000000000001,0.1330358298181378,0.01000000000000001,1.000000000000566e-07,0.5170930612851766
POINT,252,-7.048885373156279,0.2267988759070191,0.4053934051071276,0.705826026924295,1.000000000000566e-07,0.5162867359856649
POINT,245,-7.070855678112664,0.2802493468352364,0.2125711131811561,0.01703714188822125,1.000000000000566e-07,0.4985796009374248
POINT,322,-7.138874755688636,0.01000000000000001,0.4027359771180495,1,1.000000000000566e-07,0.5081357288187871
POINT,339,-7.177224066680161,0.1118717491009019,0.5,1,1.000000000000566e-07,0.5027421613014182
POINT,254,-7.210868207746522,0.1321763102990731,0.393211144039759,0.2591148144635081,1.000000000000566e-07,0.5021791837196118
POINT,317,-7.274805859720303,0.1007950150337641,0.03535771830139423,0.2916334021637068,1.000000000000566e-07,0.5063643705393384
POINT,344,-7.301556883778003,0.3,0.5,1,1.000000000000566e-07,0.476586996584944
POINT,400,-7.307351802667515,0.3,0.01000000000000001,0.01000000000000001,1.000000000000566e-07,0.4834178399941924
POINT,493,-7.317234036749676,0.3,0.01000000000000001,1,1.000000000000566e-07,0.4769536020858176
POINT,266,-7.334541917267926,0.2427000374384408,0.3148010494421958,1,1.000000000000566e-07,0.4829323643723606
POINT,251,-7.378081840706979,0.143971340998036,0.2259744105764266,0.0675428583907588,1.000000000000566e-07,0.4883915918130347
POINT,244,-7.431107250702011,0.088440859661197,0.2179682442764371,0.4769351847095236,1.000000000000566e-07,0.4870918925750605
POINT,241,-7.436098238961021,0.09844406423500995,0.2011446215713983,1,1.000000000000566e-07,0.4846266052704447
POINT,507,-7.446507774981749,0.01000000000000001,0.443126758354663,0.01000000000000001,1.000000000000566e-07,0.3232675186146952
POINT,401,-7.456400556470586,0.1614613416694503,0.5,0.01000000000000001,1.000000000000566e-07,0.3081317760450163
POINT,253,-7.492774865994431,0.2874950011893036,0.2919577277258765,0.3109073880731493,1.000000000000566e-07,0.4663285938802394
POINT,281,-7.514511798082665,0.3,0.2997795848459112,0.01000000000000001,1.000000000000566e-07,0.3885835396046373
POINT,145,-7.56295829850022,0.05051093362654507,0.407145434087604,0.4404242268967095,0.0001253383915200414,0.8242803287636334
POINT,446,-7.570756634105456,0.01000000000000001,0.5,0.5350180784997111,1.000000000000566e-07,0.4513422849327015
POINT,482,-7.580773544712635,0.01000000000000001,0.1978104900157125,0.01000000000000001,1.000000000000566e-07,0.432086628315455
POINT,494,-7.661369533652928,0.3,0.5,0.5144983184544899,1.000000000000566e-07,0.4378727025782476
POINT,159,-7.792273102660999,0.2897177261023958,0.09271706599812801,0.8806204903761792,1.000000000000566e-07,0.4246280039627925
POINT,536,-7.792881878065778,0.1333442443010209,0.01000000000000001,0.5144451399302942,1.000000000000566e-07,0.4427329545491129
POINT,413,-7.90023268710264,0.1794929094196721,0.1557658360633735,0.01000000000000001,1.000000000000566e-07,0.4249155298463878
POINT,164,-7.908751608052457,0.1635782682401957,0.09371894522327484,0.9608337774312209,1.000000000000566e-07,0.4276095542353526
POINT,276,-7.992924085261934,0.2745539910696898,0.3424372627594249,0.80151951511235,1.000000000000566e-07,0.407024253333283
POINT,269,-8.02319600195308,0.08742782364508794,0.2898348451020517,0.4090751224267912,1.000000000000566e-07,0.4215308677249495
POINT,274,-8.035932782319614,0.03008966680462383,0.2475131334699589,0.8786217883268347,1.000000000000566e-07,0.4185088529775542
POINT,404,-8.163905833463003,0.3,0.5,1,1.000000000000566e-07,0.3826047615713715
POINT,399,-8.192219890601656,0.0480702457527457,0.04072167716584943,0.01000000000000001,1.000000000000566e-07,0.4144656520316766
POINT,522,-8.204565378471633,0.2100111454923797,0.01000000000000001,1,1.000000000000566e-07,0.3867067015411666
POINT,175,-8.220472098788616,0.2323357162359523,0.1112797263048928,0.5030023679055503,1.000000000000566e-07,0.3880148517335388
POINT,81,-8.230028471770089,0.2180295172940254,0.4395162397476047,0.9193796444763878,0.0001286363534612154,0.7505427255977344
POINT,426,-8.304215100826571,0.01000000000000001,0.5,1,1.000000000000566e-07,0.377701124173607
POINT,424,-8.344947868760356,0.01000000000000001,0.01000000000000001,0.6698748358275722,1.000000000000566e-07,0.3880100489084865
POINT,283,-8.366372577272731,0.1404575081733571,0.3400593832818898,0.9918044943409203,1.000000000000566e-07,0.3795880108715665
POINT,309,-8.489022139402193,0.06543299556469824,0.3765833835337244,0.2544959790692368,1.000000000000566e-07,0.3703968733566822
POINT,379,-8.513750309942575,0.162092898039967,0.4803133996647484,0.5500393550674001,1.000000000000566e-07,0.3634136207040169
POINT,385,-8.542613635125441,0.01000000000000001,0.1675615678165013,0.01000000000000001,0.0003195866560572929,0.9268145528913435
POINT,308,-8.545973614004907,0.2250573744586169,0.2432416235303539,0.5161473057318962,1.000000000000566e-07,0.3594632519426621
POINT,410,-8.585348902528834,0.3,0.01000000000000001,0.01000000000000001,1.000000000000566e-07,0.3410313226312174
POINT,243,-8.594030126777788,0.3,0.06186309198948411,0.8735722976749001,1.000000000000566e-07,0.3366677867811532
POINT,212,-8.628016835006518,0.1465837518210847,0.1055713032878373,1,1.000000000000566e-07,0.3538309706346033
POINT,299,-8.68025369619073,0.04094681737375991,0.1994217221213274,0.3371850911338905,1.000000000000566e-07,0.3596111799696604
POINT,331,-8.711756885743995,0.2016830494655284,0.3526832053937469,0.01000000000000001,1.000000000000566e-07,0.2586123291776187
POINT,291,-8.749341384220468,0.3,0.3243539406003079,0.7287757227118011,1.000000000000566e-07,0.3298426532876138
POINT,6,-8.758254867766363,0.2801973207475057,0.2037604250342289,0.6752658093322731,7.970943277284071e-05,0.449286057769485
POINT,447,-8.760521157319358,0.1460017681619752,0.1008298770717128,0.01000000000000001,1.000000000000566e-07,0.3543710739728675
POINT,355,-8.807818716880588,0.191974763479671,0.211250635480486,0.3525471568925858,0.0001717771294871241,0.9524276764648546
POINT,495,-8.812012126303781,0.01000000000000001,0.2355987413303164,0.01000000000000001,1.000000000000566e-07,0.2993755828410344
POINT,295,-8.901254256869137,0.3,0.1945387138304283,0.02280050854587301,1.000000000000566e-07,0.3190926042604207
POINT,504,-8.930226346662115,0.01000000000000001,0.3928623790480172,1,1.000000000000566e-07,0.3245057005080986
POINT,421,-9.016352955088131,0.01000000000000001,0.01000000000000001,0.01000000000000001,1.000000000000566e-07,0.3236624067620336
POINT,475,-9.021172777085923,0.148412637505457,0.5,1,1.000000000000566e-07,0.3152512941484383
POINT,285,-9.028131465502579,0.1366287701606979,0.06283995842416978,0.4788224938206324,1.000000000000566e-07,0.3168879150881265
POINT,438,-9.048017024017986,0.01000000000000001,0.5,0.5203784329511928,1.000000000000566e-07,0.3113994244182317
POINT,408,-9.118285415194963,0.3,0.5,0.6900113571897792,1.000000000000566e-07,0.2948374108735979
POINT,305,-9.129934619837824,0.04770763930277035,0.2469629497853496,1,1.000000000000566e-07,0.313794949268232
POINT,218,-9.184882331637336,0.2893955160346939,0.1312789913060441,0.8096663691756649,1.000000000000566e-07,0.2830845368433937
POINT,340,-9.238949791618134,0.01000000000000001,0.09285146594224203,1,1.000000000000566e-07,0.3004513290741349
POINT,358,-9.253912294095779,0.1904327246928783,0.2355908823037763,0.8396399165142081,0.0001831836059935563,0.9434010264079703
POINT,429,-9.350411608322787,0.1351892654695889,0.4225683919818951,0.01000000000000001,1.000000000000566e-07,0.1837514248819142
POINT,350,-9.362431291084068,0.02679538908386539,0.4056247905306337,0.0902503916591989,0.0001911417266375376,0.7140490242876867
POINT,389,-9.363029711011668,0.01000000000000001,0.4039402889956963,0.01000000000000001,0.0002387610302433806,0.5296946199312325
POINT,351,-9.433760835328091,0.2042677945524545,0.421115771559011,0.02178520391249961,0.0002238085576121351,0.7011096035912351
POINT,232,-9.440997092420885,0.1974530033627909,0.04422286361526911,0.9508105771380578,1.000000000000566e-07,0.2675143844147502
POINT,142,-9.441964815384646,0.2398942341435335,0.2217415332215901,0.6475366012604726,1.000000000000566e-07,0.2700875000108116
POINT,498,-9.444716462419214,0.3,0.5,0.01000000000000001,1.000000000000566e-07,0.1397388353326758
POINT,483,-9.490176353635563,0.3,0.3880036931711024,1,1.000000000000566e-07,0.2587406943836696
POINT,226,-9.553573194321007,0.3,0.08074479162356668,0.3331099704796455,1.000000000000566e-07,0.2497202271928025
POINT,321,-9.572274937978387,0.1243105289015908,0.3450355612215992,1,1.000000000000566e-07,0.2685720634114434
POINT,497,-9.599290575770294,0.01000000000000001,0.5,0.01000000000000001,1.000000000000566e-07,0.1283894480757887
POINT,535,-9.627791259772597,0.3,0.3722830562209702,0.4219148355995784,1.000000000000566e-07,0.2533221332745345
POINT,144,-9.680112954870866,0.1138352709250057,0.3983678915156532,0.09495288937359336,0.0002260501058904889,0.8496095551994227
POINT,423,-9.702462855343761,0.1448247507944695,0.1056200952649821,0.01000000000000001,1.000000000000566e-07,0.2685452375677115
POINT,452,-9.708379171431734,0.3,0.3066718189395541,0.01000000000000001,1.000000000000566e-07,0.1942498410343717
POINT,324,-9.756197365212909,0.07054871842797361,0.3928159823065299,0.224405358361761,1.000000000000566e-07,0.2607590421371317
POINT,131,-9.766507656770427,0.2716862061428787,0.01000000000000001,0.2014270993462972,1.000000000000566e-07,0.2287779393717528
POINT,336,-9.790779816751581,0.01000000000000001,0.267823737558569,0.4599086982806372,1.000000000000566e-07,0.2539418413915168
POINT,293,-9.941927912548257,0.07919555460291579,0.1724650025620288,1,1.000000000000566e-07,0.2401282185896856
POINT,361,-9.94750758299962,0.01000000000000001,0.3092554799188007,0.3985063325940593,0.0002598190535551958,0.8495737318856829
POINT,515,-9.978893743551868,0.01000000000000001,0.1612935351202043,0.01000000000000001,1.000000000000566e-07,0.2310556944017308
POINT,465,-10.00973386712073,0.01000000000000001,0.3044065019085228,0.01000000000000001,1.000000000000566e-07,0.1753613630327099
POINT,214,-10.01582291086596,0.2696662091515268,0.1475887884682283,0.4022922706405537,1.000000000000566e-07,0.2195248948057059
POINT,454,-10.04595535390082,0.01000000000000001,0.01000000000000001,1,1.000000000000566e-07,0.2265451487175154
POINT,109,-10.17679523497951,0.03000910706912263,0.01513928081376417,0.3461615231934717,8.068724798271495e-06,0.2206130826135654
POINT,459,-10.19713274224697,0.01000000000000001,0.5,1,1.000000000000566e-07,0.2145121077334329
POINT,369,-10.26493056913297,0.1482674060248886,0.07866543397334219,0.01000000000000001,0.0002074661209428678,0.8288209298833094
POINT,100,-10.40273372569679,0.1996393782187829,0.08763488924475109,0.838703670335928,7.687489809466118e-06,0.1909297986854127
POINT,187,-10.4462626586749,0.201044941916133,0.05486028752458527,0.1553702390892299,1.000000000000566e-07,0.191052836480871
POINT,422,-10.45393743293151,0.2857782835357796,0.5,1,1.000000000000566e-07,0.1869853132758019
POINT,373,-10.46798045365012,0.1452522971858436,0.0753105170693531,0.5397227899413914,0.0002332792638514161,1
POINT,325,-10.56944649685947,0.01000000000000001,0.3090637768494799,0.748867020808897,1.000000000000566e-07,0.18989654946944
POINT,370,-10.58024728838889,0.04427442670435168,0.06398759919154123,0.5715390538496977,0.0002130999463096385,0.848574042971693
POINT,357,-10.58318867262433,0.1285071925626189,0.07830135576189859,0.6014560736501645,0.0001619940342422359,0.6361591149372949
POINT,367,-10.60555702581309,0.1593488313422797,0.0961533466449267,0.9305807046914725,0.0002025874297273121,0.8322925330391043
POINT,360,-10.73548610442379,0.1771598161292321,0.05789130079553501,0.4397633843715613,0.0002078450254901188,0.8422252805215742
POINT,30,-10.74983175141571,0.2592512721070683,0.1056229873255568,0.7231676642273139,4.511135668876182e-06,0.1600769808705194
POINT,223,-10.7591285529035,0.08063716611284795,0.1293685978361051,0.2709434003963315,1.000000000000566e-07,0.182318048805055
POINT,417,-10.7699809433303,0.02811400168987055,0.5,0.4729926275059061,1.000000000000566e-07,0.1802323805888598
POINT,366,-10.81659857931665,0.3,0.1499674262191001,0.6051028515049444,0.0002001256770522871,0.78190088848785
POINT,480,-10.87483974389898,0.3,0.34780721923241,0.01000000000000001,1.000000000000566e-07,0.09522273336315684
POINT,135,-10.98500647880718,0.01000000000000001,0.3453090390961372,1,0.0002456079718061081,0.7224426904715917
POINT,476,-11.0039882081312,0.01000000000000001,0.4031076930472193,0.01000000000000001,1.000000000000566e-07,0.06700449942182024
POINT,310,-11.02830891613707,0.1872427501805459,0.2154210434632904,0.9828160755384704,1.000000000000566e-07,0.1500859559692231
POINT,348,-11.05246737503994,0.1249129657305167,0.4098861573195113,0.3315645320282293,0.0002119207989522947,0.7122430083440463
POINT,397,-11.09586820158981,0.01000000000000001,0.01000000000000001,0.7472455263015977,1.000000000000566e-07,0.1460069770467671
POINT,352,-11.11106562268535,0.03321430142711948,0.4297773312650681,0.5756349735480918,0.0002179335389809543,0.7022756226511722
POINT,302,-11.23643222091346,0.01000000000000001,0.3422956119602445,0.01000000000000001,0.000594728163611347,0.9058157731109717
POINT,365,-11.30252421949781,0.1543731918512111,0.5,0.370545427053354,0.0001733897218712296,0.5123762189123522
POINT,433,-11.33128303162056,0.21044195920452,0.5,0.5443165235392614,1.000000000000566e-07,0.136535858196569
POINT,464,-11.44577307686298,0.3,0.01000000000000001,1,1.000000000000566e-07,0.09941843887281177
POINT,412,-11.46797220310662,0.1167917044438242,0.4157900409132822,1,1.000000000000566e-07,0.1277561535895763
POINT,5,-11.49460958401552,0.2601125438388183,0.3451030846708715,0.4177607670816028,0.0002682690494065629,0.928922480984729
POINT,307,-11.52925468168215,0.2554281319880735,0.1735832572497317,0.08420971443427072,1.000000000000566e-07,0.1198866876219374
POINT,402,-11.54211575980189,0.1687591492646711,0.01000000000000001,0.5407560484063741,1.000000000000566e-07,0.1088843237126394
POINT,25,-11.56495784481696,0.2524083549276558,0.06830036336951822,0.4743401035261819,0.0001418304354528402,0.4083763880638057
POINT,10,-11.66248255827469,0.2047251904212704,0.4793213098055023,0.4121206789331777,0.000255895848603435,0.7927986590299351
POINT,359,-11.66664173930948,0.2965723745194574,0.4029904245338207,0.2382453201991419,0.0001469600692781143,0.3579400102675002
POINT,337,-11.67727920617629,0.01000000000000001,0.06935842726226848,0.01000000000000001,1.000000000000566e-07,0.1176894049057261
POINT,432,-11.78166871171544,0.3,0.5,1,1.000000000000566e-07,0.09229608797660938
POINT,312,-11.79534033154155,0.06225540893176937,0.1417726170288345,0.6347684832737399,1.000000000000566e-07,0.1077575534333644
POINT,147,-11.79775688573983,0.01000000000000001,0.4014042429609519,0.01000000000000001,0.0006096806025411761,0.8482695923465482
POINT,513,-11.80240617688382,0.01000000000000001,0.3560194387068437,0.5715391999219823,1.000000000000566e-07,0.1043308911684662
POINT,458,-11.82439423293624,0.3,0.3366414814041771,1,1.000000000000566e-07,0.08404730872122279
POINT,501,-11.85876064942755,0.2169556419476317,0.3389060404900348,0.01000000000000001,0.0005308291281732995,0.9579665011598145
POINT,403,-11.87488408530082,0.3,0.180749342908851,0.664572815039477,1.000000000000566e-07,0.07781200165706387
POINT,346,-11.8950669038172,0.3,0.05729927208505856,0.01000000000000001,1.000000000000566e-07,0.08640712954167912
POINT,481,-11.91426809452015,0.01000000000000001,0.5,1,1.000000000000566e-07,0.09318599221410456
POINT,503,-12.04621385665071,0.1616009661130919,0.2834538898190894,0.01000000000000001,1.000000000000566e-07,0.05272689580274975
POINT,477,-12.33753994153584,0.3,0.3565564093099072,0.01000000000000001,1.000000000000566e-07,0
POINT,490,-12.34352876195401,0.1168557590296833,0.3882423523780617,0.01000000000000001,1.000000000000566e-07,0
POINT,387,-12.34529494523749,0.2800238799540743,0.3373716526111818,0.6073119838021233,8.977170351262965e-05,0.1517108830335045
POINT,472,-12.35777435106447,0.1312622985454103,0.2245406208329885,1,1.000000000000566e-07,0.06224056379299886
POINT,444,-12.40730918820798,0.120202103078783,0.01000000000000001,1,1.000000000000566e-07,0.0525687649564297
POINT,349,-12.4320761971972,0.2453959580701787,0.3910234034325668,0.4659069617500966,0.0002524196826984067,0.7223058058206183
POINT,354,-12.50401293124607,0.2997764349010139,0.3550172820974641,0.8260038778426326,0.0002501919802950668,0.7370632272029563
POINT,487,-12.62118231431482,0.134522280086614,0.1166184249554255,0.01000000000000001,1.000000000000566e-07,0.05961209279762725
POINT,376,-12.74088572502765,0.05710391783170178,0.1846712168470829,0.1073662920258418,0.0002763780715160735,0.6948248206346225
POINT,430,-12.74563602364876,0.3,0.01000000000000001,0.4297751472839747,1.000000000000566e-07,0.00969864283631916
POINT,509,-12.88471141686968,0.3,0.01000000000000001,1,1.000000000000566e-07,0
POINT,428,-13.00582135630961,0.1454197950587667,0.5,1,1.000000000000566e-07,0.02676447330224102
POINT,520,-13.0948371529204,0.3,0.2029076470066523,0.5278932241499695,1.000000000000566e-07,0
POINT,353,-13.09951696820684,0.1570157477199577,0.4330906619201474,0.7577983450467031,0.0002668957222975055,0.676121303716963
POINT,439,-13.10935507149943,0.01000000000000001,0.1272368817045781,1,1.000000000000566e-07,0.008727873733689384
POINT,445,-13.12258213044,0.3,0.3722201822462432,1,1.000000000000566e-07,0
POINT,363,-13.1656654052118,0.1653271750405594,0.2913725581246329,0.6353170962261523,0.0002182476147962044,0.5323622488432386
POINT,500,-13.23431042040848,0.1465406184628587,0.01000000000000001,0.01000000000000001,1.000000000000566e-07,0
POINT,436,-13.25994681076961,0.1384306249623464,0.1330443068840049,0.9119740093282086,1.000000000000566e-07,0
POINT,527,-13.28566719476372,0.3,0.1560656703255467,0.01000000000000001,1.000000000000566e-07,0
POINT,451,-13.29212692628751,0.3,0.5,0.5581694447755879,1.000000000000566e-07,0
POINT,356,-13.29946380987952,0.1657965997390752,0.3195725866146582,0.4604631191810256,0.0001658540871067142,0.3079149237012695
POINT,524,-13.37593231774675,0.01000000000000001,0.4443732426472327,1,1.000000000000566e-07,0
POINT,469,-13.38268285133242,0.01000000000000001,0.1601018129895783,0.01000000000000001,1.000000000000566e-07,0
POINT,466,-13.44733465707768,0.01000000000000001,0.3437410726713058,0.4613684572302257,1.000000000000566e-07,0
POINT,371,-13.46768328832604,0.1364379505101182,0.2796944355137349,0.3374505151849265,0.0003496300316363451,0.8450517341786647
POINT,374,-13.62558203483876,0.1122032388676065,0.2019516130287388,1,0.0002768749367173719,0.6794406011698096
POINT,392,-13.70045963065042,0.01000000000000001,0.04814317667453269,0.689552253994163,0.0002601919981172554,0.4878342604184248
POINT,381,-13.71747547873659,0.2704237473464588,0.1800968527961079,1,0.0002540994143342377,0.6207260443864867
POINT,141,-13.96562951002181,0.122928314482972,0.5,0.01000000000000001,0.000627916732454481,0.7395607550771612
POINT,415,-14.23456294160734,0.07809426460058345,0.266615239986118,0.01000000000000001,0.000750373697279603,1
POINT,378,-14.44934813441547,0.01000000000000001,0.1574430074396685,0.7989177627921908,0.0002376366721583939,0.3703047151697878
POINT,377,-14.46976109064776,0.2041688006527228,0.1661932025557092,0.1066994992507193,0.0002664867332813896,0.5300279845909176
POINT,434,-14.47319016958109,0.01000000000000001,0.3315169815417932,0.01000000000000001,0.0006176914262847156,0.6413376852517383
POINT,384,-14.54967462413036,0.1703846649583329,0.2838365139910176,0.3200802577125652,0.0001450124743790386,0.1377292373724938
POINT,386,-14.55954672286609,0.3,0.08398322466415775,0.03397451131142443,0.0003171311657104835,0.6831670231046124
POINT,362,-14.78615647065842,0.2783770636043628,0.4731366713170956,0.2458122136347953,0.0004228393271442071,0.7542996012567774
POINT,420,-14.85335578459302,0.01000000000000001,0.358252065651393,0.01000000000000001,0.0005140563901922956,0.4492602737778219
POINT,334,-15.33385349862823,0.08401531075913686,0.3825880054616988,0.4125306596317155,0.0005191153746145704,0.7896180228591054
POINT,49,-15.43607132217574,0.09924070584131577,0.4155130523873571,0.7751397913857084,0.0002793672338987851,0.4359998765365873
POINT,416,-15.67788704370493,0.3,0.3487756982917343,1,0.0005571507146276413,1
POINT,368,-15.70216810508729,0.294540829594881,0.4607859994390636,0.676669224657782,0.000438380808515413,0.7674545577568159
POINT,375,-15.92816850142431,0.2590412968202633,0.3668009284695702,0.1148241099697453,0.0006072953975618727,0.898587370850049
POINT,529,-16.03231341135212,0.01000000000000001,0.01000000000000001,0.5660895926153963,0.0006649592569343961,0.964614886390079
POINT,388,-16.09842610064563,0.1265558911005961,0.4386388818007129,0.795698714054438,0.0002319125671591087,0.2509524737648322
POINT,9,-16.42725191962555,0.1533339488397984,0.1646548470060276,0.720746879161684,0.000535982208204177,0.8277849432179609
POINT,55,-16.56142464097234,0.2244361039296651,0.4470893519251375,0.5593560864708877,0.0006604608977439568,0.9895245572410694
POINT,390,-16.59413713244174,0.1579162761325671,0.09611331930337072,1,0.000321297459790564,0.4941069037209448
POINT,69,-16.70938585789133,0.2769723710887333,0.2514822935750957,0.3551641302357619,0.0004098415186871239,0.6417906438226791
POINT,372,-16.72824189492,0.1246295210634117,0.1531562072735308,0.5833414844967887,0.0002485344840244814,0.2739223582859662
POINT,435,-16.94527388901752,0.01000000000000001,0.5,0.01000000000000001,0.0005065138958444045,0.2388543223871658
POINT,407,-17.18948268120529,0.06832795230157741,0.2224124182624783,1,0.000718450020988727,1
POINT,391,-17.37408150709183,0.2717930772971336,0.0511375848188613,0.5748177234231114,0.0004608055157759889,0.7173529631084317
POINT,63,-17.57576026295677,0.254608504727262,0.1931274980597301,0.4938147717545475,0.0005513437521443719,0.7879580025835325
POINT,470,-17.63682113489152,0.01000000000000001,0.5,1,0.0006680762492683873,0.7527129924322913
POINT,329,-17.65894051047742,0.3,0.01000000000000001,0.7054912258120741,0.0006181603867232093,0.9163317477381814
POINT,449,-17.69985993781199,0.01000000000000001,0.01000000000000001,0.01000000000000001,0.0005382040157828306,0.5507187973853644
POINT,479,-17.89816919682801,0.01000000000000001,0.01000000000000001,1,0.000715806574704089,0.8877682567656285
POINT,538,-17.97235306813447,0.3,0.3515162723225015,0.01000000000000001,0.0006847005825215683,0.5798763828923136
POINT,34,-18.28931139241623,0.2664957255931478,0.4310413886474532,0.1933620867994309,0.0004011126414168969,0.3919722210790965
POINT,461,-18.30614671124023,0.3,0.2957599159353713,1,0.00066825098059329,0.905143928315816
POINT,521,-18.35520740766094,0.01000000000000001,0.1621843750128888,0.01000000000000001,0.000809425783883756,0.7845165494770393
POINT,319,-18.41639572438638,0.01000000000000001,0.07040008339502696,0.01000000000000001,0.0008571217320528777,1
POINT,382,-18.52722448060956,0.2514356579559711,0.1223194624974838,0.4277061944193852,0.0002693882033976312,0.1802500970162901
POINT,50,-18.55025146135575,0.2164814480845916,0.2139726519885968,0.3811666382730607,0.0007045733028514619,0.9104888025264067
POINT,383,-18.57461070296213,0.1128464638684454,0.114148786328522,0.1352850937640354,0.0002622193509769955,0.1505878068513307
POINT,394,-18.70949521953306,0.1293008268973725,0.1102560184629367,0.4728465136283931,0.00056072094598857,0.6568058506161966
POINT,326,-18.78734503459688,0.1996812472272983,0.3044613653756302,1,0.0006775664274041871,0.8413972959565459
POINT,393,-19.00946424905843,0.09709094637240201,0.4662860617684695,0.3908609463376873,0.0005917525087804448,0.5728538968505171
POINT,332,-19.02136257239055,0.2517070594918413,0.5,0.01000000000000001,0.0008336802712236919,0.6181250000416905
POINT,75,-19.43070402442027,0.275924706147863,0.4951140232289533,0.2235665501012201,0.0003549322067573608,0.2187424885097812
POINT,107,-19.96765409080157,0.04292548014995356,0.2471091422857891,0.6934841035934167,0.0008210939165894803,0.8956204546836461
POINT,119,-20.14929874465694,0.2942591969988108,0.2896865585374424,0.5580545377367551,0.0006917786433358566,0.772165562651717
POINT,158,-20.21070696007563,0.261511502825479,0.4084181413655176,0.4798812149950348,0.0008707735539049841,0.9980490933501452
POINT,233,-20.42549087492154,0.01000000000000001,0.3530528353547327,1,0.0007217880633279693,0.6305981547043131
POINT,409,-20.71491272172168,0.01000000000000001,0.01000000000000001,0.01000000000000001,0.0008728767034210208,0.9083237002364906
POINT,525,-20.7243055181446,0.3,0.3709432560938836,0.7163665455565156,0.0007678810509112235,0.8250857280214553
POINT,138,-20.83274103199785,0.3,0.5,0.7659646650958806,0.000699711013674526,0.6948056768450774
POINT,537,-21.09368495934846,0.3,0.01000000000000001,1,0.0008699615621220966,1
POINT,380,-21.26314026044687,0.1077775247102907,0.3976785102697263,0.2492152391248953,0.0008102807526836455,0.7175199057722649
POINT,328,-21.36716180933293,0.1367003142049938,0.01000000000000001,0.01000000000000001,0.0007418907896787763,0.7256054971628698
POINT,467,-21.48165100051742,0.171089627311567,0.01000000000000001,0.01000000000000001,0.0006585494670601721,0.6164201323028661
POINT,414,-21.49075452888315,0.3,0.01000000000000001,0.01000000000000001,0.0008863828917816853,0.9810025865672762
POINT,297,-21.50403819347012,0.3,0.3512917903182939,0.01000000000000001,0.001178346761123425,0.9197506391270069
POINT,83,-21.57696312037551,0.02279759215677225,0.1472276225568211,0.5545849547216224,0.0006278837027515164,0.4314102020059672
POINT,282,-21.68162058925373,0.01000000000000001,0.5,0.01000000000000001,0.00110074529163011,0.6516109974202819
POINT,489,-21.70639053291689,0.191325504692353,0.5,1,0.0007138301740521871,0.6157536409761419
POINT,22,-21.87169911110513,0.1650417887110243,0.08242382140619728,0.256570863121521,0.0008412834218232978,0.8286720800164427
POINT,313,-21.89243089711645,0.01000000000000001,0.424688658133986,0.01000000000000001,0.001027871310345615,0.5715769165352257
POINT,315,-22.16866637277593,0.3,0.01000000000000001,1,0.0006336140767840985,0.5690633938351097
POINT,72,-22.73819150695627,0.2293868516265329,0.4194841139673448,0.783231260110421,0.0009275264660626229,0.8553852551463312
POINT,462,-22.78712200539758,0.3,0.01000000000000001,0.01000000000000001,0.000901896817721016,0.8789408149532772
POINT,3,-22.90290841147713,0.03198878545437164,0.01918643712309964,0.3861898285228567,0.0003886900178991944,0.04243973396725742
POINT,418,-22.97478511358162,0.3,0.01000000000000001,1,0.0008618649330042386,0.8105163798004386
POINT,463,-23.50166533951606,0.3,0.3137738954978342,0.01000000000000001,0.0009269586390755129,0.4771843052118712
POINT,502,-23.524891802598,0.01000000000000001,0.01000000000000001,1,0.0008895339919399526,0.7133056327192017
POINT,437,-23.54512096622381,0.01000000000000001,0.01000000000000001,1,0.0007966213252101541,0.561632220403971
POINT,528,-23.58033899977348,0.203086366793829,0.01000000000000001,0.01000000000000001,0.0006825159954834916,0.5095839413161832
POINT,47,-23.82949893222694,0.1346800686980725,0.2959268447688833,0.2258841074965917,0.0006147951107106609,0.3176247877131685
POINT,486,-23.88009113685128,0.3,0.01000000000000001,1,0.0008008865582939129,0.6627073362710203
POINT,84,-23.92699548705973,0.221721793875484,0.4745033773095502,0.2400887924481279,0.0004390988784701258,0.06767696648102506
POINT,149,-23.98045742123183,0.1571893721076396,0.400915186372964,0.01000000000000001,0.001356269672927251,0.8576867101814833
POINT,516,-24.31198518002192,0.01000000000000001,0.5,0.01000000000000001,0.001127612682845475,0.4874885282924757
POINT,36,-24.37517580882504,0.2256415315200361,0.1255847203459962,0.467009339021576,0.0007008457865483093,0.4707443251499071
POINT,15,-24.45406568362693,0.04755095207602873,0.1376196473227106,0.362914513591307,0.0006329133769188984,0.2751757105748452
POINT,68,-24.58931594760185,0.1465729237627015,0.2640634663493391,0.09894830581164342,0.0005595421141009339,0.1842829485163704
POINT,65,-24.62240788282084,0.2673081703712301,0.3187787426283682,0.7513957370149109,0.0005159578506658312,0.2014095277765225
POINT,153,-24.98514467482451,0.01000000000000001,0.4088133842440821,0.7123404896566152,0.001076180181695062,0.8098859454582759
POINT,215,-25.00879711766577,0.1049408185603427,0.1584202548957658,1,0.000981281257782574,0.7422639974818657
POINT,58,-25.27166230598284,0.04700712738809493,0.25830887245839,0.2941106954098397,0.0005207215597249748,0.06818903316850355
POINT,152,-25.29065875875564,0.2389095944430743,0.4293669332684172,0.3314938519751897,0.001077346452688968,0.7979038057340184
POINT,103,-25.30334353648938,0.2974706387380004,0.388233805947188,0.0516783183670616,0.0007866706159067519,0.3020917355019278
POINT,117,-25.33591400523625,0.1062151614643885,0.4035802657038452,0.2729683350735962,0.000553513230104987,0.1137154113862773
POINT,189,-25.40414424227751,0.1386336428108512,0.2419128085910131,1,0.0009494782791913039,0.661501948870979
POINT,105,-25.47894467446228,0.02504588676679171,0.4996770126553144,0.2296186457109748,0.0005804093888189503,0.01640970533820296
POINT,165,-25.99165187855696,0.1550107602396762,0.3903500262428877,0.2171297384561329,0.001241499604056632,0.9587434597121987
POINT,27,-26.05978679961462,0.2308544521953275,0.3274865176347781,0.4992289656380816,0.0004710947706651588,0.04223317016615313
POINT,38,-26.16103752429993,0.1188613602454415,0.03149554440283055,0.9781631925320431,0.001196056690428606,0.9889370457515368
POINT,113,-26.38478031645283,0.04351255783001383,0.4998672840391354,0.409860945727862,0.00061270272638897,0.05830423105120719
POINT,178,-26.45295757321729,0.1847560388891216,0.236224295779827,0.06371527449979014,0.001142042796865007,0.7315709742533111
POINT,154,-26.66665800650426,0.1490390061896547,0.3789404939547144,0.6156746287689535,0.001188088729436911,0.8778001729117925
POINT,11,-26.73153497230413,0.05168441557854287,0.1524022482689684,0.4108369943646548,0.0009947685690576964,0.6109212380801645
POINT,54,-26.73272981561134,0.2377409474142831,0.1738547520130424,0.4503175640961358,0.0007934934941463032,0.4197251276994205
POINT,42,-26.83003937991481,0.09544986801116906,0.3086706382364569,0.3398982246279715,0.001250993867125415,0.9352858652171299
POINT,431,-26.86359604664117,0.01000000000000001,0.2531731707851095,1,0.0006850477992954887,0.1370352483319146
POINT,123,-27.18939586239888,0.02403955767179178,0.5,0.2078474755218706,0.000975228500937774,0.3961305809486715
POINT,1,-27.24318911668196,0.04020050311247705,0.13064913486553,0.9233723862758618,0.001242159822141084,0.9269010944497525
POINT,79,-27.31388250908804,0.04272140748773009,0.06085165130903215,0.577940286046455,0.001043432011717283,0.6449345847001281
POINT,468,-27.34478187441683,0.3,0.5,1,0.0008545680292560014,0.4264701105594716
POINT,40,-27.45470089756748,0.05353618732991367,0.3299108402527441,0.8947629911716058,0.0005979612608613501,0.04154222785570583
POINT,474,-27.46257535131466,0.3,0.01000000000000001,1,0.0006279245851319597,0.2083689544329196
POINT,115,-27.72753631530255,0.2311852739668292,0.4857540595559504,0.2208005413396189,0.00103225022185784,0.5031561640026753
POINT,425,-27.75256172091969,0.3,0.5,1,0.0009705509207985701,0.5287494619469992
POINT,532,-27.79769655438163,0.01000000000000001,0.3114220163157227,1,0.0008113495833903049,0.2490320156971311
POINT,290,-27.93799673424157,0.3,0.3416077886593177,0.5469630026617619,0.001250628953052489,0.8792969196128715
POINT,484,-28.0663774402444,0.01000000000000001,0.5,1,0.001021647074615449,0.4816418297496041
POINT,455,-28.29652391890691,0.3,0.01000000000000001,0.01000000000000001,0.0007280550790187695,0.2843959054578359
POINT,114,-28.3632109632093,0.1127949381803237,0.4553740410149549,0.7624283312827194,0.0008637614414814912,0.3203128376919721
POINT,85,-28.58430206213943,0.1566080228448938,0.1868176929876707,0.07036819213501848,0.0009756885170629516,0.4241033018161049
POINT,29,-29.07491425902759,0.1753755671939039,0.04470905785874777,0.9913431213033621,0.0009709190492175449,0.4696582467934554
POINT,78,-29.20448381155499,0.1970195616386085,0.1682171777938871,0.07119396837250863,0.0005965717361195964,0.007224751757856751
POINT,323,-29.29486284476315,0.01000000000000001,0.5,0.5364917682871554,0.001194527000080046,0.5794374793436143
POINT,150,-29.31374877671174,0.06687510042990656,0.3992893062578292,0.3213427597328914,0.001385540936340079,0.8457807929555989
POINT,93,-30.00778959971048,0.1484132118260258,0.117040218095369,0.5510374208122821,0.001423202871454621,0.9432624884111873
POINT,26,-30.09511525087867,0.1512907126136468,0.4650106440870855,0.6683549377731541,0.0009530326121592155,0.316854864507175
POINT,191,-30.31404185083696,0.2845377188478942,0.2402046177784276,1,0.001232752964304571,0.6685539063275407
POINT,112,-30.47265750281945,0.08765963058364609,0.2280482244999076,0.05450641871691492,0.001273575084289318,0.5564859059582632
POINT,284,-30.49140788818291,0.01000000000000001,0.01000000000000001,0.6455834603545845,0.0013479324188565,0.8012090780425922
POINT,275,-30.80436010727604,0.2900535813190523,0.1235263862905749,1,0.0009605206103725705,0.3716539788894782
POINT,271,-31.14688763225957,0.1332281940515286,0.147146824040901,1,0.001037784172122448,0.3839981916163609
POINT,492,-31.23707599199764,0.3,0.5,1,0.0009160227673911233,0.2524965213578469
POINT,188,-31.28579780038292,0.01000000000000001,0.1907608205380804,0.5506064990275075,0.001462388856767964,0.8601789353529931
POINT,219,-31.43701711444486,0.3,0.3807910361448272,1,0.001447029481857527,0.8313920732530482
POINT,294,-31.8156784640919,0.3,0.1102415436388663,0.2287305722773788,0.001228893547890544,0.5590144853787686
POINT,249,-32.09959427270678,0.3,0.3051277107076681,0.7088727572527364,0.00126590289366865,0.5609933441316149
POINT,2,-32.11637915681033,0.0422299285515846,0.1895406250630081,0.9927891791696615,0.001302432658101843,0.5823845888175276
POINT,7,-32.24843576354811,0.2418076230143442,0.4622136724581614,0.4209061237014114,0.0009010509881156018,0.1344709350399309
POINT,88,-32.3011889828755,0.1677996115679703,0.1269327801370567,0.9384552320122634,0.001586146375411015,0.9574208205493043
POINT,499,-32.56348212731542,0.3,0.01000000000000001,0.01000000000000001,0.0008345842954486732,0.141687184330902
POINT,246,-32.59076500574486,0.1962042546020404,0.2025570257577429,1,0.001225035533708578,0.4902478921554684
POINT,8,-32.68198769901927,0.06462954815341423,0.3290730205731657,0.7919890740587633,0.001258577959923285,0.4873720232824246
POINT,46,-33.11137711126528,0.2759316727703687,0.2332982079306838,0.857260330731426,0.001146209087086683,0.3929645921947317
POINT,533,-33.21818441213156,0.01000000000000001,0.01000000000000001,1,0.0008421836756607546,0
POINT,17,-34.5059209983836,0.04401879426619973,0.2669317924684247,0.4267554368685453,0.001794042520939091,0.9703485929073953
POINT,104,-34.52521319200472,0.2683565657006962,0.09773547780482685,0.9667392223616225,0.0008623950234754441,0.04748233227624599
POINT,37,-34.90488049218717,0.1485741213425845,0.4437814438153749,0.2543278174966908,0.0009845218830758654,0.01567180530208279
POINT,460,-35.3662267916316,0.3,0.5,1,0.0008971010555221994,0
POINT,56,-35.88962730671022,0.2247552636449757,0.1165737618037627,0.1852498953565554,0.001429799322105218,0.4783604882822716
POINT,41,-36.1496673937133,0.1707296017774617,0.3109461470468741,0.07682291598040468,0.001804401172622095,0.6294265881920529
POINT,101,-36.20523009140703,0.2596661281734406,0.2244224229052016,0.966260359387318,0.001769087210638308,0.7993296178683167
POINT,28,-36.4365941225661,0.06588743114840903,0.05261318481151888,0.2527536465408373,0.001534518056097567,0.5345724846404044
POINT,39,-37.21074376730684,0.07839925177047212,0.4789035551828203,0.8327536560651839,0.001862153849300978,0.7479094558059121
POINT,57,-37.47358227929194,0.2161780084691871,0.3843117741181473,0.5975285985488663,0.001247704312577981,0.1940911398167064
POINT,76,-37.58129910219199,0.07338480271920708,0.02598330992760774,0.9161522178351923,0.001191023581089369,0.1675751779706657
POINT,90,-37.91883605949187,0.2092828418242746,0.375884802953123,0.4586003567972754,0.00113968401711633,0.05992550417206077
POINT,406,-38.09957457086607,0.01000000000000001,0.3915346160336336,0.4198547126191003,0.002055870572026248,0.9037462770697166
POINT,19,-38.34089125780513,0.2471037783647757,0.02503919808424623,0.7456915424427484,0.001974652141901858,0.8874285282235117
POINT,396,-38.35219020206047,0.01000000000000001,0.346299443741513,0.8044512110928079,0.002017533151153567,0.8955419959791342
POINT,52,-38.36857300791046,0.07658423250788042,0.3218811524322942,0.09491922692797891,0.002056706058752453,0.6860234190493802
POINT,92,-38.40859291886996,0.2615183212426523,0.4504016720395188,0.05341665119400105,0.002088992225419029,0.5597732698115638
POINT,347,-38.65944339480502,0.09641927235239647,0.06616483436895501,1,0.001439355582285329,0.3229364899334772
POINT,511,-38.84294461868845,0.3,0.01000000000000001,0.01000000000000001,0.001059592863627242,0
POINT,96,-39.05479724517129,0.2211893708592467,0.2923244761875567,0.6784902215709632,0.001992325257380136,0.7657475725611053
POINT,108,-39.11000785947439,0.182375699622073,0.4570610464318166,0.9359041231506454,0.001306082825774742,0.1432909309342487
POINT,91,-39.32477482739051,0.06222600539354088,0.1564952264226915,0.4537642936975069,0.001163830528723462,0.006987773739059122
POINT,539,-39.84356286776392,0.01000000000000001,0.01000000000000001,0.3885067885967231,0.002147024155035232,1
POINT,66,-40.24748883662795,0.2497242885633749,0.4469756825148369,0.7015008452970635,0.002008669153207762,0.6568601835899291
POINT,82,-40.53633812169591,0.08648879765945568,0.4177097932552169,0.1181030922221647,0.001924790837215762,0.4067596367059253
POINT,33,-41.04658966697333,0.06554699639601237,0.4334281338586295,0.7178197755520634,0.002305070414003814,0.8855378989165463
POINT,13,-41.12970601584983,0.06631791417737146,0.4842703332596813,0.7378148121013339,0.001714442981964342,0.334393197717181
POINT,35,-41.17095032232981,0.06319152392335831,0.4964549481217188,0.3481271951524117,0.001485784832334054,0.1080767010498626
POINT,59,-41.4951591339453,0.09937930671344793,0.08285039009133553,0.7035172743801422,0.002042999159370752,0.6442208174837346
POINT,0,-41.9295313484994,0.2338637336411467,0.04335445614966944,0.1299554872795403,0.002188828585144078,0.7579628552212491
POINT,48,-42.40344105526705,0.01506903338300895,0.4737720696723284,0.4908359363873656,0.001689753700936849,0.2122345943425529
POINT,457,-42.65497687911363,0.01000000000000001,0.3139735197857525,1,0.002218743752898014,0.6968330036180221
POINT,73,-43.27420541117566,0.2894561656829429,0.3493611927220126,0.469035457729155,0.001555630867900614,0.123093773594289
POINT,23,-43.44707193306246,0.1439084022935382,0.03645931195278085,0.5467024783418947,0.001505604405750769,0.1164432414960004
POINT,18,-43.73128311762989,0.01281380547821296,0.2757111604772273,0.4195160041529544,0.002427957628861799,0.8015348373267672
POINT,97,-44.07205800549704,0.2472453646911572,0.2160973255257793,0.6436785302323249,0.001951286853123636,0.3934416079188406
POINT,60,-44.18955874876072,0.2066736628625884,0.04177592171805693,0.2378688212444069,0.0025614759404632,0.9306650369799445
POINT,111,-44.20551257336444,0.2371575189250442,0.1787565664147286,0.5206172064123502,0.001882030792271699,0.3369055471394089
POINT,12,-44.65260086662273,0.2496218063988168,0.1386022590619999,0.7705565213888262,0.002520193284584345,0.9744848017522207
POINT,87,-45.43716662835842,0.1342221744377062,0.1139029326062973,0.2155759654571839,0.002517039464276944,0.7633491590349987
POINT,21,-45.44537206315834,0.1836276715290491,0.1099471933352483,0.796815948835417,0.002035429177415951,0.3824465891137097
POINT,45,-45.66311802713592,0.01398564251198003,0.2689773590186428,0.2705732146530235,0.002699881815149199,0.9103483906842651
POINT,77,-46.24753643971138,0.2506771261245637,0.1911391391840242,0.4812443155445555,0.00207340478391039,0.3595460027616709
POINT,143,-46.50514772125192,0.2992474133986506,0.5,1,0.002123728195200953,0.3660655757488723
POINT,508,-46.8247156793023,0.3,0.01000000000000001,1,0.002430113605498569,0.7391359127766954
POINT,70,-47.69512743303562,0.0640464725559385,0.3123521354450235,0.08397795162059242,0.003094434428204876,0.9579226521067143
POINT,485,-47.80089886492289,0.01000000000000001,0.5,0.01000000000000001,0.00316,0.6303833264052545
POINT,523,-48.46002765708197,0.3,0.3056878599391391,0.01000000000000001,0.00316,0.6701881407949666
POINT,4,-48.94566259415084,0.1970570239135056,0.2823618971977586,0.8377942807083133,0.002080246567165403,0.2181628908653344
POINT,62,-49.28136082365036,0.1758759538000562,0.08308489836443361,0.3436132571785691,0.002671510149523801,0.655055139613265
POINT,44,-49.46693056281311,0.09407576691182086,0.06731512478762018,0.618842019611537,0.002612238370563863,0.6012388406383297
POINT,155,-49.60274099431698,0.08567138714914041,0.06129972516409871,0.2871023837401456,0.00219408543001476,0.2880560631401703
POINT,89,-49.94118254646104,0.06114081472831606,0.314199384806747,0.562267249104248,0.002982859496976916,0.876844444308461
POINT,32,-50.3050802717591,0.2024488517579354,0.3434332054673148,0.8745674709947001,0.001969643575661858,0.07225306674512844
POINT,61,-50.65461782376339,0.1542517032627828,0.3407077924695207,0.6142190034910202,0.002913893034379761,0.7459961112251944
POINT,99,-50.89576937459537,0.2822442551409031,0.464795433971358,0.9406489465161499,0.002797293683053124,0.6216769535188165
POINT,106,-51.34453131834158,0.0688193153153922,0.08042455403353797,0.9456616203226181,0.003106840374595129,0.9422849381994858
POINT,530,-51.50760095072003,0.01000000000000001,0.01000000000000001,0.01000000000000001,0.00316,1
POINT,64,-51.58960013600685,0.09951394419095798,0.2159593413563336,0.9099965850207939,0.002205264904753181,0.1907885450088612
POINT,67,-52.36857396811218,0.04218357764833645,0.280834550862901,0.8849158761521421,0.003035723703574187,0.7768590426831159
POINT,130,-52.83178821365959,0.01000000000000001,0.01000000000000001,0.3227792117595054,0.00241252547183009,0.2905732151472889
POINT,110,-52.85765295220498,0.1295118250579178,0.3374698152687061,0.6453598167543066,0.002370271502282084,0.2251290407788856
POINT,95,-52.99590542010503,0.1640643925536285,0.01682209344037684,0.702399480349897,0.002072181791658417,0.04688639165178632
POINT,453,-53.24012588547586,0.01000000000000001,0.1822692404951547,0.5649462012455464,0.00316,0.8593630695277426
POINT,102,-53.66344451558215,0.1655682705014218,0.263575478754895,0.09355914830661209,0.002228415099674853,0.04964641941082359
POINT,94,-54.02881079481587,0.09697932337296289,0.03183433848388677,0.4265383828691931,0.003005351035877423,0.6332394410023002
POINT,98,-54.37267774413187,0.2079254464247789,0.1703123452882099,0.8471316565644911,0.002625133956291372,0.3436810867444369
POINT,14,-55.34631507595309,0.1204087882836016,0.09900754889505851,0.892089235657103,0.002502193124904002,0.2252341014589649
POINT,116,-55.52647306396906,0.02236469431872501,0.1833205882668068,0.5892300321268972,0.003096109964160095,0.6158523364833313
POINT,24,-55.53473810033424,0.2246011937934771,0.4227283665519887,0.4339463186179935,0.002236577122709125,0.0110879228287365
POINT,16,-55.84245000697022,0.07701251922935071,0.04588158712807447,0.9141021245147313,0.00310739061298323,0.604987961766128
POINT,118,-55.96708536469912,0.09553761958478035,0.04331646888017443,0.2934211393132447,0.002718767738283144,0.3294625056376879
POINT,80,-57.19471112304118,0.1884285903500502,0.3208661416973317,0.2201407413013872,0.002761777410355209,0.2425775261140752
POINT,31,-57.72166421142749,0.2782345134800904,0.2915153607013594,0.1430984931353629,0.002788550467925915,0.2308974309532406
POINT,506,-57.79228137968167,0.01000000000000001,0.5,1,0.00316,0.5045073653178412
POINT,53,-58.39619670949255,0.09576000398958928,0.3658978361165212,0.1334806731889278,0.002902714159380913,0.2272547369970869
POINT,43,-59.11457502124488,0.2126387931767971,0.4216404723123112,0.6537264696443947,0.003054789160963335,0.3607215660366352
POINT,440,-62.3468249245941,0.06621401452626396,0.08865153336245427,0.3651191680588428,0.00316,0.2802021384235979
POINT,51,-66.25781583875063,0.17915393924421,0.4526905497717664,0.9665317506897889,0.003131678449777389,0.07604817168231837
POINT,505,-68.41576865910251,0.3,0.01000000000000001,0.01000000000000001,0.00316,0
POINT,512,-68.63562376858468,0.01000000000000001,0.01000000000000001,0.01000000000000001,0.00316,0
POINT,341,-556.0554332498455,0.2005361376765867,0.4233319314791509,0.7764021522547716,0.00316,0.8609056617385775
POINT,74,-576.9608367409325,0.1584716496045591,0.0390299926816679,0.2359404562205383,0.002961162721152001,0.3956484732556171
POINT,132,-673.8496263093651,0.04359392150083685,0.5,0.3963673070864286,1.000000000000566e-07,0.9214075799962291
POINT,133,-673.8496263093651,0.1394346605704583,0.5,0.7903714347133626,1.000000000000566e-07,0.8955063072169982
